iteration,trainAcc,devAcc
0,0.42620201267238167,0.38461538461538464
1,0.5245993291092061,0.459866220735786
2,0.5609392471114424,0.47157190635451507
3,0.565598210957883,0.4782608695652174
4,0.5732389116660455,0.479933110367893
5,0.5974655236675364,0.5050167224080268
6,0.5937383525903839,0.5016722408026756
7,0.5942974282519567,0.4866220735785953
8,0.593179276928811,0.49331103678929766
9,0.5872158032053671,0.49331103678929766
10,0.5963473723443906,0.49665551839464883
11,0.5978382407752516,0.5016722408026756
12,0.5980245993291092,0.49498327759197325
13,0.6036153559448378,0.5066889632107023
14,0.6010063361908312,0.49498327759197325
15,0.6019381289601192,0.5
16,0.6039880730525531,0.5
17,0.6058516585911293,0.4983277591973244
18,0.606038017144987,0.5016722408026756
19,0.6054789414834141,0.5033444816053512
20,0.6073425270219903,0.5016722408026756
21,0.6049198658218412,0.49665551839464883
22,0.6082743197912784,0.5033444816053512
23,0.609951546775997,0.5033444816053512
24,0.6082743197912784,0.5066889632107023
25,0.6095788296682818,0.5066889632107023
26,0.6097651882221394,0.5033444816053512
27,0.6103242638837123,0.5083612040133779
28,0.6079016026835632,0.5066889632107023
29,0.6106969809914276,0.5083612040133779
30,0.6105106224375699,0.5083612040133779
31,0.6105106224375699,0.5083612040133779
32,0.6134923592992918,0.5050167224080268
33,0.6120014908684308,0.5016722408026756
34,0.6123742079761461,0.5
35,0.6118151323145732,0.5016722408026756
36,0.6118151323145732,0.5033444816053512
37,0.6112560566530004,0.5066889632107023
38,0.6125605665300037,0.5133779264214047
39,0.6133060007454342,0.5100334448160535
40,0.6093924711144242,0.5050167224080268
41,0.6144241520685799,0.5167224080267558
42,0.615355944837868,0.5167224080267558
43,0.6157286619455833,0.5133779264214047
44,0.6155423033917257,0.5117056856187291
45,0.6142377935147223,0.5150501672240803
46,0.6162877376071562,0.5133779264214047
47,0.6151695862840104,0.5133779264214047
48,0.6164740961610138,0.5167224080267558
49,0.6149832277301528,0.5183946488294314
